{
  "gn2_pressurant_regulator": {
    "component": "gn2_pressurant_regulator",
    "kind": "BangBang",
    "time": {
      "first": 0.0,
      "final": 20.0,
      "sample_count": 400
    },
    "fields": {
      "CdA": {
        "first": 1.02e-06,
        "final": 1.02e-06,
        "min": 1.02e-06,
        "max": 1.02e-06,
        "delta": 0.0,
        "range": 0.0,
        "nonzero_count": 400,
        "sample_count": 400
      },
      "qdot": {
        "first": 0.0,
        "final": 0.0,
        "min": 0.0,
        "max": 0.0,
        "delta": 0.0,
        "range": 0.0,
        "nonzero_count": 0,
        "sample_count": 400
      },
      "state": {
        "first": 1.0,
        "final": 1.0,
        "min": 1.0,
        "max": 1.0,
        "delta": 0.0,
        "range": 0.0,
        "nonzero_count": 1,
        "sample_count": 1
      },
      "mdot": {
        "first": 0.056612129077139584,
        "final": 0.05572575351343923,
        "min": 0.05572575351343923,
        "max": 0.056612129077139584,
        "delta": -0.000886375563700352,
        "range": 0.000886375563700352,
        "nonzero_count": 400,
        "sample_count": 400
      },
      "Hdot": {
        "first": 14896.416156622698,
        "final": 14569.834158194619,
        "min": 14569.834158194619,
        "max": 14896.416156622698,
        "delta": -326.5819984280788,
        "range": 326.5819984280788,
        "nonzero_count": 400,
        "sample_count": 400
      },
      "dP": {
        "first": 27579029.17267068,
        "final": 27098239.07151326,
        "min": 27098239.07151326,
        "max": 27579029.17267068,
        "delta": -480790.1011574194,
        "range": 480790.1011574194,
        "nonzero_count": 400,
        "sample_count": 400
      }
    }
  },
  "ullage_vent_to_atmosphere": {
    "component": "ullage_vent_to_atmosphere",
    "kind": "Connection",
    "time": {
      "first": 0.0,
      "final": 20.0,
      "sample_count": 400
    },
    "fields": {
      "CdA": {
        "first": 5e-07,
        "final": 5e-07,
        "min": 5e-07,
        "max": 5e-07,
        "delta": 0.0,
        "range": 0.0,
        "nonzero_count": 400,
        "sample_count": 400
      },
      "qdot": {
        "first": 0.0,
        "final": 0.0,
        "min": 0.0,
        "max": 0.0,
        "delta": 0.0,
        "range": 0.0,
        "nonzero_count": 0,
        "sample_count": 400
      },
      "state": {
        "first": 1.0,
        "final": 1.0,
        "min": 1.0,
        "max": 1.0,
        "delta": 0.0,
        "range": 0.0,
        "nonzero_count": 400,
        "sample_count": 400
      },
      "mdot": {
        "first": 0.03546547149023154,
        "final": 0.035414360574618275,
        "min": 0.03526543852618924,
        "max": 0.03597911862978098,
        "delta": -5.1110915613265806e-05,
        "range": 0.0007136801035917406,
        "nonzero_count": 400,
        "sample_count": 400
      },
      "Hdot": {
        "first": -17745.047781880898,
        "final": -17719.926210989597,
        "min": -17997.40256501856,
        "max": -17646.71834755291,
        "delta": 25.121570891300507,
        "range": 350.6842174656522,
        "nonzero_count": 400,
        "sample_count": 400
      },
      "dP": {
        "first": 3346053.646585267,
        "final": 3336440.7719954774,
        "min": 3308509.963744387,
        "max": 3443421.645043113,
        "delta": -9612.874589789659,
        "range": 134911.68129872577,
        "nonzero_count": 400,
        "sample_count": 400
      }
    }
  }
}