{
  "gn2_supply_4500psi": {
    "component": "gn2_supply_4500psi",
    "kind": "Node",
    "time": {
      "first": 0.0,
      "final": 20.0,
      "sample_count": 400
    },
    "fields": {
      "P": {
        "first": 30988948.566250604,
        "final": 30472803.901453413,
        "min": 30472803.901453413,
        "max": 30988948.566250604,
        "delta": -516144.6647971906,
        "range": 516144.6647971906,
        "nonzero_count": 400,
        "sample_count": 400
      },
      "T": {
        "first": 293.0527741081666,
        "final": 291.7038035680209,
        "min": 291.7038035680209,
        "max": 293.0527741081666,
        "delta": -1.3489705401457286,
        "range": 1.3489705401457286,
        "nonzero_count": 400,
        "sample_count": 400
      },
      "U": {
        "first": 908782.7255240566,
        "final": 898478.39019165,
        "min": 898478.39019165,
        "max": 908782.7255240566,
        "delta": -10304.335332406568,
        "range": 10304.335332406568,
        "nonzero_count": 400,
        "sample_count": 400
      },
      "h": {
        "first": 263010.2572013483,
        "final": 261337.81690033738,
        "min": 261337.81690033738,
        "max": 263010.2572013483,
        "delta": -1672.4403010109381,
        "range": 1672.4403010109381,
        "nonzero_count": 400,
        "sample_count": 400
      },
      "d": {
        "first": 309.78593241577005,
        "final": 307.6028987181289,
        "min": 307.6028987181289,
        "max": 309.78593241577005,
        "delta": -2.1830336976411218,
        "range": 2.1830336976411218,
        "nonzero_count": 400,
        "sample_count": 400
      },
      "m": {
        "first": 5.5761467834838605,
        "final": 5.53685217692632,
        "min": 5.53685217692632,
        "max": 5.5761467834838605,
        "delta": -0.039294606557540135,
        "range": 0.039294606557540135,
        "nonzero_count": 400,
        "sample_count": 400
      },
      "m_l": {
        "first": 0.0,
        "final": 0.0,
        "min": 0.0,
        "max": 0.0,
        "delta": 0.0,
        "range": 0.0,
        "nonzero_count": 0,
        "sample_count": 400
      },
      "m_v": {
        "first": 5.5761467834838605,
        "final": 5.53685217692632,
        "min": 5.53685217692632,
        "max": 5.5761467834838605,
        "delta": -0.039294606557540135,
        "range": 0.039294606557540135,
        "nonzero_count": 400,
        "sample_count": 400
      },
      "fill_level": {
        "first": 0.0,
        "final": 0.0,
        "min": 0.0,
        "max": 0.0,
        "delta": 0.0,
        "range": 0.0,
        "nonzero_count": 0,
        "sample_count": 400
      },
      "s": {
        "first": 4966.171452162963,
        "final": 4966.1700073159045,
        "min": 4966.1700073159045,
        "max": 4966.171452162963,
        "delta": -0.0014448470583374728,
        "range": 0.0014448470583374728,
        "nonzero_count": 400,
        "sample_count": 400
      }
    }
  },
  "kerosene_tank_500psi": {
    "component": "kerosene_tank_500psi",
    "kind": "Tank",
    "time": {
      "first": 0.0,
      "final": 20.0,
      "sample_count": 400
    },
    "fields": {
      "P": {
        "first": 3544746.645043113,
        "final": 3434865.621398071,
        "min": 3409834.963744387,
        "max": 3544746.645043113,
        "delta": -109881.02364504198,
        "range": 134911.68129872577,
        "nonzero_count": 400,
        "sample_count": 400
      },
      "T": {
        "first": 293.1665998894945,
        "final": 293.1478656497762,
        "min": 293.14359544287396,
        "max": 293.1665998894945,
        "delta": -0.018734239718298795,
        "range": 0.023004446620518593,
        "nonzero_count": 400,
        "sample_count": 400
      },
      "U": {
        "first": -4896950.732211781,
        "final": -4539256.577826611,
        "min": -4896950.732211781,
        "max": -4539256.577826611,
        "delta": 357694.15438516997,
        "range": 357694.15438516997,
        "nonzero_count": 400,
        "sample_count": 400
      },
      "h": {
        "first": -500217.9945042227,
        "final": -500363.7558073318,
        "min": -500396.9632887988,
        "max": -500217.9945042227,
        "delta": -145.76130310911685,
        "range": 178.96878457610728,
        "nonzero_count": 400,
        "sample_count": 400
      },
      "d": {
        "first": 751.8666668308322,
        "final": 751.8036401247215,
        "min": 751.7892755788696,
        "max": 751.8666668308322,
        "delta": -0.06302670611069061,
        "range": 0.07739125196258101,
        "nonzero_count": 400,
        "sample_count": 400
      },
      "m": {
        "first": 9.698226726425487,
        "final": 8.9898269083253,
        "min": 8.9898269083253,
        "max": 9.698226726425487,
        "delta": -0.7083998181001867,
        "range": 0.7083998181001867,
        "nonzero_count": 400,
        "sample_count": 400
      },
      "m_l": {
        "first": 9.698226726425487,
        "final": 8.9898269083253,
        "min": 8.9898269083253,
        "max": 9.698226726425487,
        "delta": -0.7083998181001867,
        "range": 0.7083998181001867,
        "nonzero_count": 400,
        "sample_count": 400
      },
      "m_v": {
        "first": 0.0,
        "final": 0.0,
        "min": 0.0,
        "max": 0.0,
        "delta": 0.0,
        "range": 0.0,
        "nonzero_count": 0,
        "sample_count": 400
      },
      "fill_level": {
        "first": 0.806179070228648,
        "final": 0.747354963161817,
        "min": 0.747354963161817,
        "max": 0.806179070228648,
        "delta": -0.058824107066830944,
        "range": 0.058824107066830944,
        "nonzero_count": 400,
        "sample_count": 400
      },
      "s": {
        "first": -1302.3905374500264,
        "final": -1302.3892101202118,
        "min": -1302.3905374500264,
        "max": -1302.3889134102199,
        "delta": 0.0013273298145577428,
        "range": 0.0016240398065292538,
        "nonzero_count": 400,
        "sample_count": 400
      }
    }
  },
  "ambient": {
    "component": "ambient",
    "kind": "Ambient",
    "time": {
      "first": 0.0,
      "final": 20.0,
      "sample_count": 400
    },
    "fields": {
      "P": {
        "first": 101325.00000000001,
        "final": 101325.00000000001,
        "min": 101325.00000000001,
        "max": 101325.00000000001,
        "delta": 0.0,
        "range": 0.0,
        "nonzero_count": 400,
        "sample_count": 400
      },
      "T": {
        "first": 293.15,
        "final": 293.15,
        "min": 293.15,
        "max": 293.15,
        "delta": 0.0,
        "range": 0.0,
        "nonzero_count": 400,
        "sample_count": 400
      },
      "U": {
        "first": 335286.11406320863,
        "final": 335286.11406320863,
        "min": 335286.11406320863,
        "max": 335286.11406320863,
        "delta": 0.0,
        "range": 0.0,
        "nonzero_count": 400,
        "sample_count": 400
      },
      "h": {
        "first": 419402.3979453135,
        "final": 419402.3979453135,
        "min": 419402.3979453135,
        "max": 419402.3979453135,
        "delta": 0.0,
        "range": 0.0,
        "nonzero_count": 400,
        "sample_count": 400
      },
      "d": {
        "first": 1.2045824580412334,
        "final": 1.2045824580412334,
        "min": 1.2045824580412334,
        "max": 1.2045824580412334,
        "delta": 0.0,
        "range": 0.0,
        "nonzero_count": 400,
        "sample_count": 400
      },
      "m": {
        "first": 1.0,
        "final": 1.0,
        "min": 1.0,
        "max": 1.0,
        "delta": 0.0,
        "range": 0.0,
        "nonzero_count": 400,
        "sample_count": 400
      },
      "m_l": {
        "first": 0.0,
        "final": 0.0,
        "min": 0.0,
        "max": 0.0,
        "delta": 0.0,
        "range": 0.0,
        "nonzero_count": 0,
        "sample_count": 400
      },