{
  "gn2_pressurant_regulator": {
    "component": "gn2_pressurant_regulator",
    "kind": "BangBang",
    "time": {
      "first": 0.0,
      "final": 20.0,
      "sample_count": 400
    },
    "fields": {
      "CdA": {
        "first": 1.02e-06,
        "final": 1.02e-06,
        "min": 1.02e-06,
        "max": 1.02e-06,
        "delta": 0.0,
        "range": 0.0,
        "nonzero_count": 400,
        "sample_count": 400
      },
      "qdot": {
        "first": 0.0,
        "final": 0.0,
        "min": 0.0,
        "max": 0.0,
        "delta": 0.0,
        "range": 0.0,
        "nonzero_count": 0,
        "sample_count": 400
      },
      "state": {
        "first": 1.0,
        "final": 1.0,
        "min": 1.0,
        "max": 1.0,
        "delta": 0.0,
        "range": 0.0,
        "nonzero_count": 400,
        "sample_count": 400
      },
      "mdot": {
        "first": 0.056612129077139584,
        "final": 0.02875660252264304,
        "min": 0.02875660252264304,
        "max": 0.056612129077139584,
        "delta": -0.027855526554496544,
        "range": 0.027855526554496544,
        "nonzero_count": 400,
        "sample_count": 400
      },
      "Hdot": {
        "first": 14896.416156622698,
        "final": 5840.029080531912,
        "min": 5840.029080531912,
        "max": 14896.416156622698,
        "delta": -9056.387076090785,
        "range": 9056.387076090785,
        "nonzero_count": 400,
        "sample_count": 400
      },
      "dP": {
        "first": 27579029.17267068,
        "final": 24971093.360016625,
        "min": 24622920.794797525,
        "max": 35957644.51054001,
        "delta": -2607935.8126540557,
        "range": 11334723.715742484,
        "nonzero_count": 400,
        "sample_count": 400
      }
    }
  },
  "ullage_vent_to_atmosphere": {
    "component": "ullage_vent_to_atmosphere",
    "kind": "Connection",
    "time": {
      "first": 0.0,
      "final": 20.0,
      "sample_count": 400
    },
    "fields": {
      "CdA": {
        "first": 5e-05,
        "final": 5e-05,
        "min": 5e-05,
        "max": 5e-05,
        "delta": 0.0,
        "range": 0.0,
        "nonzero_count": 400,
        "sample_count": 400
      },
      "qdot": {
        "first": 0.0,
        "final": 0.0,
        "min": 0.0,
        "max": 0.0,
        "delta": 0.0,
        "range": 0.0,
        "nonzero_count": 0,
        "sample_count": 400
      },
      "state": {
        "first": 1.0,
        "final": 1.0,
        "min": 1.0,
        "max": 1.0,
        "delta": 0.0,
        "range": 0.0,
        "nonzero_count": 400,
        "sample_count": 400
      },
      "mdot": {
        "first": 3.5465471490231546,
        "final": 2.1989188020337265,
        "min": 2.1989188020337265,
        "max": 3.5465471490231546,
        "delta": -1.3476283469894281,
        "range": 1.3476283469894281,
        "nonzero_count": 400,
        "sample_count": 400
      },
      "Hdot": {
        "first": -1774504.77818809,
        "final": -1106234.812227116,
        "min": -1774504.77818809,
        "max": -1106234.812227116,
        "delta": 668269.9659609741,
        "range": 668269.9659609741,
        "nonzero_count": 400,
        "sample_count": 400
      },
      "dP": {
        "first": 3346053.646585267,
        "final": 1288331.6349312726,
        "min": 1288331.6349312726,
        "max": 3346053.646585267,
        "delta": -2057722.0116539944,
        "range": 2057722.0116539944,
        "nonzero_count": 400,
        "sample_count": 400
      }
    }
  }
}