{
  "gn2_supply_4500psi": {
    "component": "gn2_supply_4500psi",
    "kind": "Node",
    "time": {
      "first": 0.0,
      "final": 20.0,
      "sample_count": 400
    },
    "fields": {
      "P": {
        "first": 30891672.16776428,
        "final": 13899765.22364578,
        "min": 13899765.22364578,
        "max": 30891672.16776428,
        "delta": -16991906.9441185,
        "range": 16991906.9441185,
        "nonzero_count": 400,
        "sample_count": 400
      },
      "T": {
        "first": 292.79965874613504,
        "final": 234.03058939544792,
        "min": 234.03058939544792,
        "max": 292.79965874613504,
        "delta": -58.76906935068712,
        "range": 58.76906935068712,
        "nonzero_count": 400,
        "sample_count": 400
      },
      "U": {
        "first": 251901.7198399155,
        "final": 141796.59663774158,
        "min": 141796.59663774158,
        "max": 251901.7198399155,
        "delta": -110105.12320217391,
        "range": 110105.12320217391,
        "nonzero_count": 400,
        "sample_count": 400
      },
      "h": {
        "first": 262695.6707346231,
        "final": 198135.17763841694,
        "min": 198135.17763841694,
        "max": 262695.6707346231,
        "delta": -64560.49309620616,
        "range": 64560.49309620616,
        "nonzero_count": 400,
        "sample_count": 400
      },
      "d": {
        "first": 309.37706703910186,
        "final": 213.2841076222921,
        "min": 213.2841076222921,
        "max": 309.37706703910186,
        "delta": -96.09295941680975,
        "range": 96.09295941680975,
        "nonzero_count": 400,
        "sample_count": 400
      },
      "m": {
        "first": 1.5468853351955092,
        "final": 1.0664205381114606,
        "min": 1.0664205381114606,
        "max": 1.5468853351955092,
        "delta": -0.48046479708404854,
        "range": 0.48046479708404854,
        "nonzero_count": 400,
        "sample_count": 400
      },
      "m_l": {
        "first": 0.0,
        "final": 0.0,
        "min": 0.0,
        "max": 0.0,
        "delta": 0.0,
        "range": 0.0,
        "nonzero_count": 0,
        "sample_count": 400
      },
      "m_v": {
        "first": 1.5468853351955092,
        "final": 1.0664205381114606,
        "min": 1.0664205381114606,
        "max": 1.5468853351955092,
        "delta": -0.48046479708404854,
        "range": 0.48046479708404854,
        "nonzero_count": 400,
        "sample_count": 400
      },
      "fill_level": {
        "first": 0.0,
        "final": 0.0,
        "min": 0.0,
        "max": 0.0,
        "delta": 0.0,
        "range": 0.0,
        "nonzero_count": 0,
        "sample_count": 400
      },
      "s": {
        "first": 4966.170197643743,
        "final": 4965.983511713246,
        "min": 4965.983511713246,
        "max": 4966.170197643743,
        "delta": -0.18668593049733317,
        "range": 0.18668593049733317,
        "nonzero_count": 400,
        "sample_count": 400
      }
    }
  },
  "kerosene_tank_500psi": {
    "component": "kerosene_tank_500psi",
    "kind": "Tank",
    "time": {
      "first": 0.0,
      "final": 20.0,
      "sample_count": 400
    },
    "fields": {
      "P": {
        "first": 3509150.820901393,
        "final": 3422779.07045625,
        "min": 3384577.175932386,
        "max": 3522917.422891348,
        "delta": -86371.75044514285,
        "range": 138340.24695896218,
        "nonzero_count": 400,
        "sample_count": 400
      },
      "T": {
        "first": 293.1605329805516,
        "final": 293.1458038154143,
        "min": 293.1392855134572,
        "max": 293.16287957348857,
        "delta": -0.014729165137282507,
        "range": 0.0235940600313711,
        "nonzero_count": 400,
        "sample_count": 400
      },
      "U": {
        "first": -4888892.279654768,
        "final": -1317216.4305642967,
        "min": -4888892.279654768,
        "max": -1317216.4305642967,
        "delta": 3571675.849090472,
        "range": 3571675.849090472,
        "nonzero_count": 400,
        "sample_count": 400
      },
      "h": {
        "first": -500265.21106024104,
        "final": -500379.79054388555,
        "min": -500430.47336768196,
        "max": -500246.9498672562,
        "delta": -114.57948364451295,
        "range": 183.52350042574108,
        "nonzero_count": 400,
        "sample_count": 400
      },
      "d": {
        "first": 751.8462550396586,
        "final": 751.7967042518528,
        "min": 751.7747779770455,
        "max": 751.8541498921825,
        "delta": -0.0495507878057424,
        "range": 0.07937191513701691,
        "nonzero_count": 400,
        "sample_count": 400
      },
      "m": {
        "first": 9.682267264254884,
        "final": 2.608697593658564,
        "min": 2.608697593658564,
        "max": 9.682267264254884,
        "delta": -7.073569670596321,
        "range": 7.073569670596321,
        "nonzero_count": 400,
        "sample_count": 400
      },
      "m_l": {
        "first": 9.682267264254884,
        "final": 2.608697593658564,
        "min": 2.608697593658564,
        "max": 9.682267264254884,
        "delta": -7.073569670596321,
        "range": 7.073569670596321,
        "nonzero_count": 400,
        "sample_count": 400
      },
      "m_v": {
        "first": 0.0,
        "final": 0.0,
        "min": 0.0,
        "max": 0.0,
        "delta": 0.0,
        "range": 0.0,
        "nonzero_count": 0,
        "sample_count": 400
      },
      "fill_level": {
        "first": 0.8048742677903078,
        "final": 0.2168719265215619,
        "min": 0.2168719265215619,
        "max": 0.8048742677903078,
        "delta": -0.5880023412687458,
        "range": 0.5880023412687458,
        "nonzero_count": 400,
        "sample_count": 400
      },
      "s": {
        "first": -1302.3901030395693,
        "final": -1302.3890665858003,
        "min": -1302.3902705443465,
        "max": -1302.3886161362404,
        "delta": 0.0010364537690747966,
        "range": 0.0016544081061056204,
        "nonzero_count": 400,
        "sample_count": 400
      }
    }
  },
  "ambient": {
    "component": "ambient",
    "kind": "Ambient",
    "time": {
      "first": 0.0,
      "final": 20.0,
      "sample_count": 400
    },
    "fields": {
      "P": {
        "first": 101325.00000000001,
        "final": 101325.00000000001,
        "min": 101325.00000000001,
        "max": 101325.00000000001,
        "delta": 0.0,
        "range": 0.0,
        "nonzero_count": 400,
        "sample_count": 400
      },
      "T": {
        "first": 293.15,
        "final": 293.15,
        "min": 293.15,
        "max": 293.15,
        "delta": 0.0,
        "range": 0.0,
        "nonzero_count": 400,
        "sample_count": 400
      },
      "U": {
        "first": 335286.11406320863,
        "final": 335286.11406320863,
        "min": 335286.11406320863,
        "max": 335286.11406320863,
        "delta": 0.0,
        "range": 0.0,
        "nonzero_count": 400,
        "sample_count": 400
      },
      "h": {
        "first": 419402.3979453135,
        "final": 419402.3979453135,
        "min": 419402.3979453135,
        "max": 419402.3979453135,
        "delta": 0.0,
        "range": 0.0,
        "nonzero_count": 400,
        "sample_count": 400
      },
      "d": {
        "first": 1.2045824580412334,
        "final": 1.2045824580412334,
        "min": 1.2045824580412334,
        "max": 1.2045824580412334,
        "delta": 0.0,
        "range": 0.0,
        "nonzero_count": 400,
        "sample_count": 400
      },
      "m": {
        "first": 1.0,
        "final": 1.0,
        "min": 1.0,
        "max": 1.0,
        "delta": 0.0,
        "range": 0.0,
        "nonzero_count": 400,
        "sample_count": 400
      },
      "m_l": {
        "first": 0.0,
        "final": 0.0,
        "min": 0.0,
        "max": 0.0,
        "delta": 0.0,
        "range": 0.0,
        "nonzero_count": 0,
        "sample_count": 400
      },