{
  "gn2_supply_4500psi": {
    "component": "gn2_supply_4500psi",
    "kind": "Node",
    "time": {
      "first": 0.0,
      "final": 20.0,
      "sample_count": 400
    },
    "fields": {
      "P": {
        "first": 30914105.494297255,
        "final": 18748467.608793326,
        "min": 18748467.608793326,
        "max": 30914105.494297255,
        "delta": -12165637.88550393,
        "range": 12165637.88550393,
        "nonzero_count": 400,
        "sample_count": 400
      },
      "T": {
        "first": 292.85811209826403,
        "final": 254.8271776038612,
        "min": 254.8271776038612,
        "max": 292.85811209826403,
        "delta": -38.03093449440283,
        "range": 38.03093449440283,
        "nonzero_count": 400,
        "sample_count": 400
      },
      "U": {
        "first": 907293.0839083943,
        "final": 638412.3751154736,
        "min": 638412.3751154736,
        "max": 907293.0839083943,
        "delta": -268880.7087929207,
        "range": 268880.7087929207,
        "nonzero_count": 400,
        "sample_count": 400
      },
      "h": {
        "first": 262768.2926848234,
        "final": 219193.9054288747,
        "min": 219193.9054288747,
        "max": 262768.2926848234,
        "delta": -43574.38725594868,
        "range": 43574.38725594868,
        "nonzero_count": 400,
        "sample_count": 400
      },
      "d": {
        "first": 309.4714205875637,
        "final": 247.3418304026132,
        "min": 247.3418304026132,
        "max": 309.4714205875637,
        "delta": -62.12959018495053,
        "range": 62.12959018495053,
        "nonzero_count": 400,
        "sample_count": 400
      },
      "m": {
        "first": 5.570485570576147,
        "final": 4.452152947247037,
        "min": 4.452152947247037,
        "max": 5.570485570576147,
        "delta": -1.1183326233291098,
        "range": 1.1183326233291098,
        "nonzero_count": 400,
        "sample_count": 400
      },
      "m_l": {
        "first": 0.0,
        "final": 0.0,
        "min": 0.0,
        "max": 0.0,
        "delta": 0.0,
        "range": 0.0,
        "nonzero_count": 0,
        "sample_count": 400
      },
      "m_v": {
        "first": 5.570485570576147,
        "final": 4.452152947247037,
        "min": 4.452152947247037,
        "max": 5.570485570576147,
        "delta": -1.1183326233291098,
        "range": 1.1183326233291098,
        "nonzero_count": 400,
        "sample_count": 400
      },
      "fill_level": {
        "first": 0.0,
        "final": 0.0,
        "min": 0.0,
        "max": 0.0,
        "delta": 0.0,
        "range": 0.0,
        "nonzero_count": 0,
        "sample_count": 400
      },
      "s": {
        "first": 4966.170613341184,
        "final": 4966.089923081156,
        "min": 4966.089923081156,
        "max": 4966.170613341184,
        "delta": -0.08069026002885948,
        "range": 0.08069026002885948,
        "nonzero_count": 400,
        "sample_count": 400
      }
    }
  },
  "lox_tank_500psi": {
    "component": "lox_tank_500psi",
    "kind": "Tank",
    "time": {
      "first": 0.0,
      "final": 20.0,
      "sample_count": 400
    },
    "fields": {
      "P": {
        "first": 3542562.07661469,
        "final": 3403995.6112741036,
        "min": 3359982.188004577,
        "max": 3585679.839822697,
        "delta": -138566.46534058638,
        "range": 225697.65181811992,
        "nonzero_count": 400,
        "sample_count": 400
      },
      "T": {
        "first": 90.01837104672455,
        "final": 89.9916215158904,
        "min": 89.98311791465729,
        "max": 90.02668784924849,
        "delta": -0.026749530834152324,
        "range": 0.043569934591204174,
        "nonzero_count": 400,
        "sample_count": 400
      },
      "U": {
        "first": -2612839.9239238026,
        "final": -1306844.4016725852,
        "min": -2612839.9239238026,
        "max": -1306844.4016725852,
        "delta": 1305995.5222512174,
        "range": 1305995.5222512174,
        "nonzero_count": 400,
        "sample_count": 400
      },
      "h": {
        "first": -131807.3938887379,
        "final": -131927.51730709002,
        "min": -131965.67972504938,
        "max": -131770.0220025229,
        "delta": -120.1234183521301,
        "range": 195.65772252649185,
        "nonzero_count": 400,
        "sample_count": 400
      },
      "d": {
        "first": 1149.4825598747614,
        "final": 1149.318234533607,
        "min": 1149.266017753628,
        "max": 1149.533672132603,
        "delta": -0.16432534115438102,
        "range": 0.2676543789750667,
        "nonzero_count": 400,
        "sample_count": 400
      },
      "m": {
        "first": 19.37025781824322,
        "final": 9.688275487887887,
        "min": 9.688275487887887,
        "max": 19.37025781824322,
        "delta": -9.681982330355334,
        "range": 9.681982330355334,
        "nonzero_count": 400,
        "sample_count": 400
      },
      "m_l": {
        "first": 19.37025781824322,
        "final": 9.688275487887887,
        "min": 9.688275487887887,
        "max": 19.37025781824322,
        "delta": -9.681982330355334,
        "range": 9.681982330355334,
        "nonzero_count": 400,
        "sample_count": 400
      },
      "m_v": {
        "first": 0.0,
        "final": 0.0,
        "min": 0.0,
        "max": 0.0,
        "delta": 0.0,
        "range": 0.0,
        "nonzero_count": 0,
        "sample_count": 400
      },
      "fill_level": {
        "first": 0.8425642325688548,
        "final": 0.4214792385948434,
        "min": 0.4214792385948434,
        "max": 0.8425642325688548,
        "delta": -0.42108499397401145,
        "range": 0.42108499397401145,
        "nonzero_count": 400,
        "sample_count": 400
      },
      "s": {
        "first": 2925.829413109976,
        "final": 2925.8342130205774,
        "min": 2925.8278816627285,
        "max": 2925.8356987497923,
        "delta": 0.004799910601377633,
        "range": 0.007817087063813233,
        "nonzero_count": 400,
        "sample_count": 400
      }
    }
  },
  "kerosene_tank_500psi": {
    "component": "kerosene_tank_500psi",
    "kind": "Tank",
    "time": {
      "first": 0.0,
      "final": 20.0,
      "sample_count": 400
    },
    "fields": {
      "P": {
        "first": 3475325.229144074,
        "final": 3469134.816629745,
        "min": 3392559.8469928373,
        "max": 3546549.9111365112,
        "delta": -6190.412514328957,
        "range": 153990.06414367398,
        "nonzero_count": 400,
        "sample_count": 400
      },
      "T": {
        "first": 293.15476598975596,
        "final": 293.1537103845434,
        "min": 293.14064776345083,
        "max": 293.166907184353,
        "delta": -0.0010556052125707538,
        "range": 0.026259420902192687,
        "nonzero_count": 400,
        "sample_count": 400
      },
      "U": {
        "first": -4880671.052222813,
        "final": -2100811.436961642,
        "min": -4880671.052222813,
        "max": -2100811.436961642,
        "delta": 2779859.6152611705,
        "range": 2779859.6152611705,
        "nonzero_count": 400,
        "sample_count": 400
      },
      "h": {
        "first": -500310.08181287075,
        "final": -500318.2938447845,
        "min": -500419.882439352,
        "max": -500215.6026051715,
        "delta": -8.212031913746614,
        "range": 204.27983418048825,
        "nonzero_count": 400,
        "sample_count": 400
      },
      "d": {
        "first": 751.8268533550582,
        "final": 751.8233021300426,
        "min": 751.7793602082185,
        "max": 751.867700738069,
        "delta": -0.0035512250155989022,
        "range": 0.08834052985048402,
        "nonzero_count": 400,
        "sample_count": 400
      },
      "m": {
        "first": 9.665985432567226,
        "final": 4.160578028915443,
        "min": 4.160578028915443,
        "max": 9.665985432567226,
        "delta": -5.505407403651783,
        "range": 5.505407403651783,