{
  "vent_orifice": {
    "component": "vent_orifice",
    "kind": "Connection",
    "time": {
      "first": 0.0,
      "final": 20.0,
      "sample_count": 400
    },
    "fields": {
      "CdA": {
        "first": 1e-06,
        "final": 1e-06,
        "min": 1e-06,
        "max": 1e-06,
        "delta": 0.0,
        "range": 0.0,
        "nonzero_count": 400,
        "sample_count": 400
      },
      "qdot": {
        "first": 0.0,
        "final": 0.0,
        "min": 0.0,
        "max": 0.0,
        "delta": 0.0,
        "range": 0.0,
        "nonzero_count": 0,
        "sample_count": 400
      },
      "state": {
        "first": 1.0,
        "final": 1.0,
        "min": 1.0,
        "max": 1.0,
        "delta": 0.0,
        "range": 0.0,
        "nonzero_count": 400,
        "sample_count": 400
      },
      "mdot": {
        "first": 0.019095309081353873,
        "final": 0.010519237187109155,
        "min": 0.010519237187109155,
        "max": 0.019095309081353873,
        "delta": -0.008576071894244718,
        "range": 0.008576071894244718,
        "nonzero_count": 400,
        "sample_count": 400
      },
      "Hdot": {
        "first": 5432.055953618507,
        "final": 2416.878782372369,
        "min": 2416.878782372369,
        "max": 5432.055953618507,
        "delta": -3015.177171246138,
        "range": 3015.177171246138,
        "nonzero_count": 400,
        "sample_count": 400
      },
      "dP": {
        "first": 9466467.201699208,
        "final": 4587423.603300401,
        "min": 4587423.603300401,
        "max": 9466467.201699208,
        "delta": -4879043.598398807,
        "range": 4879043.598398807,
        "nonzero_count": 400,
        "sample_count": 400
      }
    }
  }
}